region,Total Doses Delivered,Doses Delivered per 100K,18+ Doses Delivered per 100K,Total Doses Administered by State where Administered,Doses Administered per 100k by State where Administered,18+ Doses Administered by State where Administered,18+ Doses Administered per 100K by State where Administered,People with at least One Dose by State of Residence,Percent of Total Pop with at least One Dose by State of Residence,People 18+ with at least One Dose by State of Residence,Percent of 18+ Pop with at least One Dose by State of Residence,People Fully Vaccinated by State of Residence,Percent of Total Pop Fully Vaccinated by State of Residence,People 18+ Fully Vaccinated by State of Residence,Percent of 18+ Pop Fully Vaccinated by State of Residence,Total Number of Pfizer doses delivered,Total Number of Moderna doses delivered,Total Number of Janssen doses delivered,Total Number of doses from Other manufacturer delivered,Total Number of Janssen doses administered,Total Number of Moderna doses administered,Total Number of Pfizer doses adminstered,Total Number of doses from Other manufacturer administered,People Fully Vaccinated Moderna Resident,People Fully Vaccinated Pfizer Resident,People Fully Vaccinated Janssen Resident,People Fully Vaccinated Other 2-dose manufacturer Resident,People 18+ Fully Vaccinated Moderna Resident,People 18+ Fully Vaccinated Pfizer Resident,People 18+ Fully Vaccinated Janssen Resident,People 18+ Fully Vaccinated Other 2-dose manufacturer Resident,Percent of Total Pop with 1+ Doses by State of Residence,Percent of 18+ Pop with 1+ Doses by State of Residence,Percent of Total Pop with 2 Doses by State of Residence,People 18+ with 2 Doses by State of Residence,Percent of 18+ Pop with 2 Doses by State of Residence,People with 1+ Doses by State of Residence,People 65+ with at least One Dose by State of Residence,Percent of 65+ Pop with at least One Dose by State of Residence,People 65+ Fully Vaccinated by State of Residence,Percent of 65+ Pop Fully Vaccinated by State of Residence,People 65+ Fully Vaccinated_Moderna_Resident,People 65+ Fully Vaccinated_Pfizer_Resident,People 65+ Fully Vaccinated_Janssen_Resident,People 65+ Fully Vaccinated_Other 2-dose Manuf_Resident,65+ Doses Administered by State where Administered,Doses Administered per 100k of 65+ pop by State where Administered,Doses Delivered per 100k of 65+ pop,People 12+ with at least One Dose by State of Residence,Percent of 12+ Pop with at least One Dose by State of Residence,People 12+ Fully Vaccinated by State of Residence,Percent of 12+ Pop Fully Vaccinated by State of Residence,People 12+ Fully Vaccinated_Moderna_Resident,People 12+ Fully Vaccinated_Pfizer_Resident,People 12+ Fully Vaccinated_Janssen_Resident,People 12+ Fully Vaccinated_Other 2-dose Manuf_Resident,12+ Doses Administered by State where Administered,Doses Administered per 100k of 12+ pop by State where Administered,Doses Delivered per 100k of 12+ pop,People 5+ with at least One Dose by State of Residence,Percent of 5+ Pop with at least One Dose by State of Residence,People 5+ Fully Vaccinated by State of Residence,Percent of 5+ Pop Fully Vaccinated by State of Residence,People 5+ Fully Vaccinated_Moderna_Resident,People 5+ Fully Vaccinated_Pfizer_Resident,People 5+ Fully Vaccinated_Janssen_Resident,People 5+ Fully Vaccinated_Other 2-dose Manuf_Resident,5+ Doses Administered by State where Administered,Doses Administered per 100k of 5+ pop  by State where Administered,Doses Delivered per 100k of 5+ pop,People who have received a booster dose,Percent of fully vaccinated people with booster doses,People 18+ who have received a booster dose,Percent of fully vaccinated people 18+ with booster doses,People 50+ who have received a booster dose,Percent of fully vaccinated people 50+ with booster doses,People 65+ who have received a booster dose,Percent of fully vaccinated people 65+ with booster doses,People with Moderna booster dose,People with Pfizer booster dose,People with Janssen booster dose,People with booster dose of an Other manufacturer
united states,573238255,172658,221962,460773508,138784,427581138,165562,233207582,70.2,213486523,82.7,197058988,59.4,183742611,71.1,328599915,216940340,27698000,0,16631251,176026339,267639715,476203,71818703,109265385,15846945,127955,71736179,96063676,15817868,124888,70.2,82.7,55.2,170009993,65.8,233207582,55014204,99.9,47278166,86.3,22551485,22408651,2262394,55636,122887906,224281,1046210,228948837,80.8,196725974,69.4,71814571,108940446,15843118,127839,456168797,160895,202186,233170469,74.7,197049610,63.1,71815599,109262025,15844065,127921,460729187,147544,183574,41126064,20.9,41081684,22.4,31343938,32.6,20898999,44.2,17586025,22973561,556144,10334
alaska,1272385,173931,230688,957508,130888,883128,160114,459412,62.8,415531,75.3,396688,54.2,367285,66.6,696845,494840,80700,0,39334,373900,543526,748,148538,212132,35931,87,148143,183271,35790,81,62.8,75.3,49.7,334157,60.6,459412,84056,91.8,76499,83.5,42186,30889,3388,36,197626,215777,1389250,448240,73.6,395349,64.9,148534,210800,35928,87,944993,155203,208972,459359,67.5,396680,58.3,148536,212129,35928,87,957446,140705,186988,104915,26.4,104618,28.5,72095,41.8,41895,54.8,46303,57511,1090,11
alabama,7834540,159785,205368,5242493,106920,4969835,130275,2772024,56.5,2610753,68.4,2264466,46.2,2153363,56.4,4081040,3389900,363600,0,154204,2308635,2779368,286,962746,1150631,150574,515,962290,1040071,150489,513,56.5,68.4,43.5,2021432,53,2772024,773969,91.1,666967,78.5,353981,277166,35483,337,1639392,192907,921887,2755328,65.8,2264332,54.1,962734,1150518,150565,515,5225472,124806,187121,2771695,60.1,2264408,49.1,962742,1150584,150567,515,5242119,113741,169990,419340,18.5,418789,19.4,351218,27.4,249867,37.5,197915,215278,6131,16
arkansas,4857070,160947,209569,3524081,116776,3275049,141309,1824522,60.5,1675916,72.3,1488357,49.3,1387397,59.9,2585610,2038660,232800,0,108274,1517267,1895272,3268,625908,757655,103991,803,624796,658361,103470,770,60.5,72.3,46.2,1294877,55.9,1824522,475889,90.8,404514,77.2,227144,161956,14974,440,1038124,198160,927131,1797484,70.3,1485384,58.1,625896,754817,103870,801,3494146,136637,189933,1823082,64.4,1488186,52.6,625897,757613,103874,802,3522580,124502,171668,312682,21,312354,22.5,247863,31.8,173462,42.9,144468,164272,3554,388
american samoa,75120,158508,239732,67867,143203,56340,179799,35585,75.1,29468,94,31395,66.2,26021,83,53820,20700,600,0,547,18797,48522,1,8524,22315,556,0,8507,16959,555,0,75.1,94,65.1,25476,81.3,35585,2933,89.5,2673,81.5,1129,1519,25,0,5888,179622,2291640,35518,96.2,31388,85,8523,22309,556,0,67795,183642,203483,35585,82.5,31395,72.8,8524,22315,556,0,67867,157428,174252,1473,4.7,1467,5.6,904,9.4,381,14.3,506,967,0,0
arizona,11729770,161152,208031,9594424,131815,8894385,157744,4680309,64.3,4269603,75.7,3979250,54.7,3706568,65.7,6566650,4613820,549300,0,322968,3842041,5410753,18662,1531350,2137908,304692,5300,1530719,1866359,304255,5235,64.3,75.7,50.9,3430746,60.8,4680309,1220424,93.3,1075081,82.2,523771,500461,47983,2866,2885001,220459,896338,4603730,74.2,3978053,64.1,1531323,2136985,304447,5298,9515168,153321,189005,4679685,68.3,3978966,58.1,1531332,2137877,304457,5300,9593674,140076,171264,781987,19.7,780657,21.1,613681,30.6,431375,40.1,318956,454645,8078,308
bureau of prisons,286440,NA,NA,257830,NA,257828,NA,130970,NA,130968,NA,125552,NA,125551,NA,147420,122920,16100,0,13138,107091,137570,31,48548,64191,12813,0,48548,64191,12812,0,NA,NA,0,113534,0,130970,3654,0,3563,0,1707,1669,187,0,7911,0,0,130968,0,125551,0,48548,64191,12812,0,257828,0,0,130968,0,125551,0,48548,64191,12812,0,257828,0,0,13571,10.8,13571,10.8,4797,17,868,24.4,6598,6661,291,21
california,70629795,178754,230684,59597608,150833,54671636,178563,31147534,78.8,28185451,92.1,24958124,63.2,22995864,75.1,41298655,26006340,3324800,0,2079749,22581070,34921582,15207,8982368,13985167,1986222,4367,8956460,12056799,1978535,4070,78.8,92.1,58.9,21336722,69.7,31147534,6312834,99.9,4978217,85.3,2508359,2272066,196451,1341,13488742,231046,1209810,30508285,90.7,24879048,73.9,8981662,13907252,1985778,4356,58877549,174990,209919,31143045,83.9,24957074,67.2,8982024,13984814,1985869,4367,59592367,160503,190231,5124890,20.5,5120074,22.3,3630030,33.5,2281734,45.8,2221249,2819393,83939,309
colorado,10151485,176280,225628,8613796,149578,7947744,176647,4116507,71.5,3721608,82.7,3642399,63.2,3373642,75,5873305,3821480,456700,0,306451,3383055,4917558,6732,1360741,1990425,289366,1867,1357033,1726656,288149,1804,71.5,82.7,59.3,3148912,70,4116507,810102,96.2,741840,88.1,354155,361190,25814,681,2004088,237899,1205050,4006223,81.2,3626656,73.5,1360718,1974735,289339,1864,8487337,171946,205660,4116238,75.9,3642344,67.1,1360729,1990404,289344,1867,8613494,158729,187071,1002034,27.5,1000781,29.7,688006,43.9,433687,58.5,450063,538853,12998,120
connecticut,6803905,190838,239756,5997289,168213,5518831,194472,2997942,84.1,2715463,95.7,2567127,72,2376671,83.7,3866565,2625040,312300,0,224938,2246289,3524879,1183,906560,1442965,217176,426,906074,1253281,216996,320,84.1,95.7,66.9,2195179,77.4,2997942,695684,99.9,593099,94.1,233389,338027,21589,94,1603515,254428,1079570,2930871,94.4,2563502,82.5,906271,1439713,217095,423,5925609,190783,219061,2996693,88.6,2566695,75.9,906353,1442820,217097,425,5995630,177198,201086,611057,23.8,610705,25.7,481991,37.9,315779,53.2,272442,331696,6905,14
district of columbia,1459235,206764,252646,1165881,165198,1112981,192697,575893,81.6,536618,92.9,455349,64.5,434355,75.2,855775,537960,65500,0,33111,427932,704368,470,162655,255892,36477,325,162587,235014,36450,304,81.6,92.9,60.3,404293,70,575893,91520,99.9,76499,87.6,40847,32925,2654,73,224585,257130,1670700,563586,92.4,454065,74.5,162648,254628,36468,321,1156265,189628,239315,575834,87.2,455334,69,162650,255884,36475,325,1165786,176532,220969,75669,16.6,75582,17.4,44689,26.4,28736,37.6,31150,43992,516,11
dept of defense,5823640,NA,NA,6577775,NA,6235173,NA,3620292,NA,3427057,NA,2773956,NA,2633331,NA,3650840,1965900,206900,0,293711,2221296,4042270,20498,880080,1633599,260121,156,879893,1493359,259923,156,NA,NA,0,2374100,0,3620292,297277,0,167373,0,57692,101230,8451,0,507114,0,0,3603230,0,2773853,0,880058,1633543,260096,156,6560621,0,0,3620165,0,2773900,0,880062,1633580,260102,156,6577603,0,0,811,0,807,0,53,0,16,0,213,588,10,0
delaware,1859875,190999,241482,1446819,148580,1349748,175248,711525,73.1,657484,85.4,599832,61.6,562583,73,1052675,724900,82300,0,55088,561108,828911,1712,218281,327977,53026,548,218154,290919,52969,541,73.1,85.4,57,518050,67.3,711525,199807,99.9,173064,91.6,71243,91917,9608,296,461741,244429,984551,700780,83.4,599412,71.4,218269,327579,53016,548,1435355,170915,221465,711390,77.4,599803,65.3,218270,327963,53022,548,1446656,157409,202370,140818,23.5,140698,25,117468,35.5,83663,48.3,59828,79195,1789,6
florida,38559025,179530,223559,30948643,144096,29169124,169118,15422450,71.8,14396912,83.5,13184332,61.4,12461441,72.2,21896325,14519300,2143400,0,1326310,11613081,17897053,112199,4630257,7249680,1271371,33024,4628426,6530497,1269763,32755,71.8,83.5,56.1,11323492,65.7,15422450,4539796,99.9,3950746,87.8,1905538,1819095,206692,19421,10506845,233624,857375,15261363,81.6,13174614,70.5,4629530,7241514,1270556,33014,30771996,164591,206242,15414810,75.8,13182713,64.8,4629548,7249556,1270585,33024,30940090,152129,189591,2655035,20.1,2652610,21.3,2258992,30.9,1643779,41.6,1191926,1419809,40418,2882
federated states of micronesia,104820,102443,157095,80049,78234,77901,116751,47742,46.7,46545,69.8,42464,41.5,41484,62.2,12180,80440,12200,0,12315,65527,2205,2,29566,1129,11767,2,29561,177,11744,2,46.7,69.8,30.1,29881,44.8,47742,3635,75.5,3381,70.3,2309,8,1064,0,6161,128034,2178300,47727,60.3,42455,53.6,29565,1129,11759,2,80034,101127,132445,47737,51.4,42460,45.7,29566,1129,11763,2,80044,86235,112927,1241,2.9,1238,3,526,4.2,160,4.7,1195,10,36,0
georgia,17344405,163358,213771,12365170,116461,11559746,142475,6270058,59.1,5784929,71.3,5269572,49.6,4948927,61,9685725,6904280,754400,0,302564,4942731,7106945,12930,2040176,2932764,292530,4102,2039292,2613704,292079,3852,59.1,71.3,47.2,4689583,57.8,6270058,1381231,91.1,1228099,81,670643,521842,33654,1960,3171914,209098,1143370,6197846,69,5266663,58.6,2040111,2930043,292413,4096,12289760,136734,192971,6268652,62.9,5269361,52.9,2040124,2932687,292448,4102,12363616,124122,174126,939937,17.8,938848,19,730517,28,483194,39.3,431727,498359,9529,322
guam,266150,157963,232356,274630,162996,246594,215283,135618,80.5,120285,99.9,123572,73.3,110971,96.9,168070,76580,21500,0,10862,88356,175368,44,37645,75793,10134,0,37631,63212,10128,0,80.5,99.9,67.5,101073,88.2,135618,16811,99.9,15831,98.6,6481,8797,553,0,40109,249729,1657120,134668,99.9,123559,94.1,37644,75782,10133,0,273668,208404,202679,135613,88.8,123571,80.9,37644,75793,10134,0,274624,179774,174226,22503,18.2,22481,20.3,15657,35.6,7686,48.6,7861,14497,145,0
hawaii,2816070,198893,252335,2084317,147211,1933763,173276,1162342,82.1,1063604,95.3,863884,61,809825,72.6,1661490,1039380,115200,0,55136,668664,1266453,94064,275981,514708,55051,18144,275370,461443,54885,18127,82.1,95.3,57.3,757451,67.9,1162342,293255,99.9,237857,88.6,97744,128165,10531,1417,582934,217150,1049020,1139933,94.1,860567,71.1,275930,511489,55015,18133,2059564,170056,232520,1161206,87.3,863709,64.9,275935,514623,55017,18134,2083717,156594,211631,123074,14.2,122914,15.2,94863,21.4,66557,28,33465,88622,962,25
iowa,5293655,167782,218005,4200551,133137,3924341,161613,1975709,62.6,1812960,74.7,1790001,56.7,1679153,69.2,3013955,2019400,260300,0,161343,1690258,2348536,414,686774,950280,152694,253,686571,839724,152607,251,62.6,74.7,52.6,1547827,63.7,1975709,534006,96.6,502176,90.8,263916,224119,14031,110,1329526,240441,957341,1935254,72.3,1788048,66.8,686765,948339,152691,253,4157750,155356,197799,1975664,66.8,1789993,60.5,686770,950278,152692,253,4200509,141936,178874,544522,30.4,544077,32.4,428219,45,295877,58.9,253908,284347,6263,4
idaho,2752700,154035,205600,1882862,105361,1881417,140523,906583,50.7,903324,67.5,808047,45.2,806238,60.2,1534420,1076580,141700,0,75292,767836,1037069,2665,309815,425146,72450,636,309788,423392,72428,630,50.7,67.5,41.6,742157,55.4,906583,265222,91.2,243921,83.9,112058,119940,11654,269,626484,215531,947019,0,0,0,0,0,0,0,0,0,0,0,0,0,0,0,0,0,0,0,0,0,0,216552,26.8,216547,26.9,170964,38,119649,49.1,89903,123875,2732,42
indian health svc,2427595,116554,NA,1867568,89666,1699123,NA,979875,47,879687,NA,786743,37.8,718886,NA,1211855,1119740,96000,0,35928,909075,922397,168,375261,376271,35205,6,374945,308793,35142,6,47,NA,36.2,685379,0,979875,167535,0,135121,0,76061,55775,3284,1,346695,0,0,962204,0,785967,0,375184,375594,35183,6,1849088,0,0,979579,0,786605,0,375192,376223,35184,6,1867110,0,0,127387,16.2,127091,17.7,86856,24.8,44184,32.7,57235,69442,592,118
illinois,21492285,169607,218108,17923603,141445,16495596,167401,8799259,69.4,7948299,80.7,7821119,61.7,7236296,73.4,12697785,7724600,1069900,0,611460,6522451,10765363,24329,2705407,4519051,588733,7928,2697749,3944655,586147,7745,69.4,80.7,57.8,6742013,68.4,8799259,1930172,94.5,1768370,86.5,790974,891972,81931,3493,4542677,222328,1051880,8569345,79.1,7793892,71.9,2705292,4492001,588672,7927,17664935,162994,198308,8798676,73.8,7820909,65.6,2705307,4518999,588675,7928,17922882,150298,180231,1896513,24.2,1894557,26.2,1400666,37.8,920609,52.1,786461,1089112,20343,597
indiana,10114580,150241,195858,7753762,115174,7271805,140811,3748072,55.7,3470545,67.2,3405083,50.6,3205536,62.1,5929400,3652880,532300,0,277101,2841409,4608876,26376,1205263,1927056,265084,7680,1204950,1728181,264815,7590,55.7,67.2,47.1,2972591,57.6,3748072,974292,89.7,924647,85.2,453014,438011,29903,3719,2349582,216403,931581,3698404,64.8,3402617,59.6,1205248,1924629,265060,7680,7703112,135023,177292,3747908,59.4,3405045,53.9,1205255,1927041,265069,7680,7753563,122802,160196,715662,21,714853,22.3,581002,32,412350,44.6,266082,440424,8780,376
kansas,4796995,164658,216758,3698563,126954,3424029,154719,1929195,66.2,1763699,79.7,1592112,54.6,1482316,67,2664935,1898660,233400,0,120545,1440523,2134455,3040,596802,880381,114386,543,596452,771120,114268,476,66.2,79.7,51.2,1382496,62.5,1929195,504357,99.9,415111,87.3,197896,199171,17809,235,1076804,226463,1008860,1893037,77.2,1590595,64.9,596794,878887,114371,543,3660965,149324,195660,1929095,70.7,1592094,58.4,596794,880376,114381,543,3698456,135575,175844,355717,22.3,355283,24,274272,34.3,189051,45.5,153485,197724,4424,84
kentucky,7050425,157810,203487,5416861,121246,5084601,146750,2691894,60.3,2492988,72,2328897,52.1,2195529,63.4,3769845,2934280,346300,0,210521,2254313,2950111,1916,924975,1205156,197292,1474,924733,1072231,197155,1410,60.3,72,48.3,2023500,58.4,2691894,699217,93.2,627703,83.6,286931,302467,37563,742,1587517,211510,939350,2648552,69.6,2327044,61.1,924962,1203350,197261,1471,5371180,141118,185237,2691576,64.2,2328854,55.5,924966,1205145,197270,1473,5415829,129100,168065,572632,24.6,572098,26.1,451667,36.3,301396,48,252920,309063,10588,61
louisiana,6666280,143398,187194,5216884,112220,4930437,138450,2583849,55.6,2417711,67.9,2272670,48.9,2152042,60.4,3664360,2708620,293300,0,175983,2150930,2887287,2684,910578,1196864,164236,992,910080,1076918,164063,981,55.6,67.9,45.7,2003718,56.3,2583849,659353,89,624516,84.3,296620,305854,21836,206,1542213,208120,899606,2566840,65.4,2272434,57.9,910555,1196678,164210,991,5199936,132539,169914,2583682,59.4,2272618,52.3,910565,1196845,164216,992,5216672,119997,153342,444062,19.5,443565,20.6,363516,29.5,252977,40.5,176174,263043,4829,16
massachusetts,13368740,193961,241326,11610003,168444,10693508,193034,5912695,85.8,5350565,96.6,4906398,71.2,4549387,82.1,7683360,5122880,562500,0,366052,4508290,6735237,424,1802207,2744795,359242,154,1796896,2394352,358002,137,85.8,96.6,67,4265311,77,5912695,1314532,99.9,1073597,91.8,485032,516965,71543,57,2843359,243161,1143280,5745381,95.5,4886223,81.2,1802196,2724653,359220,154,11422128,189839,222192,5912588,90.5,4906372,75.1,1802199,2744782,359237,154,11609935,177654,204567,1124014,22.9,1123167,24.7,813129,35.4,524350,48.8,510062,602938,11011,3
maryland,12166700,201246,258262,9457903,156441,8665093,183933,4651829,76.9,4186370,88.9,4084425,67.6,3763678,79.9,7275560,4334340,556800,0,330279,3500157,5613556,13911,1435780,2337365,307686,3594,1435277,2017557,307421,3423,76.9,88.9,63.8,3533618,75,4651829,964537,99.9,879502,91.7,420050,404754,53674,1024,2266431,236235,1268160,4535295,87.8,4071414,78.9,1435740,2324474,307609,3591,9327414,180663,235657,4651444,81.8,4084321,71.9,1435748,2337330,307651,3592,9457440,166395,214061,987923,24.2,986727,26.2,733461,38.4,466650,53.1,434519,535324,17858,222
maine,2665000,198257,243297,2235211,166284,2087020,190531,1102535,82,1012232,92.4,971808,72.3,915259,83.6,1458920,1063380,142700,0,130551,908316,1194208,2136,365363,481294,124695,456,365299,424922,124620,418,82,92.4,64.6,812087,74.1,1102535,311562,99.9,275664,96.6,125497,126054,23902,211,723496,253622,934219,1074312,90.7,971224,82,365356,480737,124675,456,2206285,186194,224907,1102436,86.1,971777,75.9,365356,481289,124676,456,2235102,174525,208093,272903,28.1,272768,29.8,222094,41.4,153446,55.7,123137,144989,4556,221
marshall islands,67080,86287,141135,45554,58597,43158,90804,24864,32,23560,49.6,22026,28.3,21078,44.3,7680,47700,11700,0,2313,40810,2429,2,18740,983,2302,1,18706,78,2293,1,32,49.6,25.4,18794,39.5,24864,1346,36.1,1210,32.4,1103,1,106,0,2534,67899,1797430,24797,43.2,22010,38.4,18732,978,2299,1,45470,79259,116927,24852,35.9,22019,31.8,18735,982,2301,1,45536,65805,96939,639,2.9,638,3,245,4.8,74,6.1,632,7,0,0
michigan,16473840,164955,210047,12750259,127670,11949674,152362,6115092,61.2,5638154,71.9,5451997,54.6,5134695,65.5,9082160,6554680,837000,0,412629,5033778,7301940,1912,2058588,2998254,394187,968,2057901,2682004,393896,894,61.2,71.9,51.3,4808263,61.3,6115092,1642027,93,1512054,85.6,755486,687172,68842,554,3875201,219508,933150,5990378,69.7,5448235,63.4,2058566,2994540,394163,966,12622391,146857,191668,6114868,64.9,5451955,57.9,2058573,2998242,394173,967,12750016,135345,174874,1535341,28.2,1533916,29.9,1191807,40.2,796438,52.7,667196,848018,20091,36
minnesota,9858500,174808,227339,8249174,146271,7590926,175048,3893070,69,3499575,80.7,3523534,62.5,3261336,75.2,5816140,3578860,463500,0,328126,3050428,4868049,2571,1248331,1961938,312451,814,1246093,1702517,311940,786,69,80.7,58.4,3034093,70,3893070,919171,99.9,866493,94.1,364599,451946,49704,244,2289775,248785,1071130,3766605,78.8,3509265,73.4,1248313,1947705,312434,813,8108713,169706,206327,3892875,73.6,3523496,66.6,1248325,1961921,312436,814,8248957,155994,186431,1104132,31.3,1103258,33.8,819433,47.3,543762,62.8,433289,655642,15022,179
missouri,9291315,151388,194915,7400218,120575,6933724,145457,3665290,59.7,3388096,71.1,3126000,50.9,2940145,61.7,5369855,3536360,385100,0,225878,2679960,4492077,2303,1099719,1804657,221095,529,1099275,1619597,220851,422,59.7,71.1,47.8,2750548,57.7,3665290,975477,91.8,865730,81.5,393795,433149,38626,160,2237290,210660,874858,3605983,68.9,3124326,59.7,1099706,1803020,221071,529,7339070,140173,177460,3665024,63.5,3125963,54.2,1099707,1804648,221079,529,7399928,128263,161046,683962,21.9,683354,23.2,545061,32.8,386724,44.7,260403,416565,6960,34
northern mariana islands,100350,193535,278170,82172,158477,70576,195637,39962,77.1,32860,91.1,35779,69,31285,86.7,75830,21320,3200,0,993,10442,70737,0,4705,30103,971,0,4704,25610,971,0,77.1,91.1,67.2,30359,84.2,39962,3027,80.6,2945,78.4,471,2371,103,0,7198,191742,2673150,37722,89.2,35688,84.4,4705,30012,971,0,79840,188792,237290,39961,83.1,35779,74.4,4705,30103,971,0,82171,170827,208619,7448,20.8,7441,23.8,4438,35,1338,45.4,705,6718,25,0
mississippi,4457415,149771,195710,3179628,106837,2992675,131398,1598535,53.7,1491508,65.5,1395862,46.9,1314949,57.7,2444195,1808920,204300,0,80190,1303161,1794272,2005,551221,766233,77766,642,550906,685746,77675,622,53.7,65.5,44.5,1244163,54.6,1598535,427152,87.8,394163,81,201291,175547,17018,307,957389,196713,915858,1590299,63.1,1395759,55.4,551209,766156,77752,642,3171303,125774,176782,1598418,57.2,1395833,50,551212,766224,77755,642,3179495,113851,159611,239894,17.2,239575,18.2,205406,26.5,144727,36.7,112289,124859,2504,242
montana,1645705,153980,195873,1324087,123888,1246364,148343,638911,59.8,592448,70.5,554307,51.9,523900,62.4,865145,683160,97400,0,54182,563172,705192,1541,225335,278066,50541,365,225217,247842,50483,358,59.8,70.5,47.8,480736,57.2,638911,189704,91.9,172214,83.4,82632,79731,9669,182,445736,215919,797195,628507,68.5,554190,60.4,225316,277974,50535,365,1313568,143153,179349,638825,63.4,554281,55,225319,278061,50536,365,1323966,131395,163326,160998,29,160784,30.7,126495,41.2,89135,51.8,71884,86439,2460,215
north carolina,17711400,168872,216326,13565247,129340,12636472,154341,7371115,70.3,6816449,83.3,5686074,54.2,5324944,65,10132320,6734680,844400,0,459815,5071291,8033272,869,2045376,3199945,440633,120,2042448,2843150,439229,117,70.3,83.3,50.3,4919734,60.1,7371115,1969199,99.9,1458080,83.3,701858,705864,50305,53,3827583,218582,1011450,7243912,80.6,5673989,63.1,2045315,3187941,440613,120,13422886,149384,197110,7370270,74.6,5685756,57.6,2045320,3199699,440617,120,13564111,137312,179296,765630,13.5,764975,14.4,588291,20.3,388838,26.7,316799,436837,11986,8
north dakota,1147730,150608,197241,896193,117601,843040,144879,441631,58,410258,70.5,371573,48.8,351516,60.4,650110,448720,48900,0,35564,356324,503998,307,139122,198886,33562,3,138918,179174,33421,3,58,70.5,45,322753,55.5,441631,115847,96.7,98458,82.2,47217,47016,4225,0,265462,221504,957679,433548,68,370999,58.2,139117,198321,33558,3,886774,139157,180108,441572,62.4,371562,52.5,139118,198883,33558,3,896124,126578,162118,98389,26.5,98312,28,76017,40.4,52495,53.3,44863,52261,1264,1
nebraska,3135320,162082,214993,2597241,134265,2403293,164797,1240506,64.1,1125161,77.2,1110485,57.4,1032637,70.8,1859360,1137260,138700,0,85351,954776,1551845,5269,397006,629227,82868,1384,396841,551680,82789,1327,64.1,77.2,53.9,965681,66.2,1240506,298410,95.5,280485,89.8,136379,136554,6699,853,744444,238254,1003440,1211362,74.9,1109342,68.6,396982,628131,82847,1382,2567010,158711,193848,1240298,68.8,1110432,61.6,396987,629208,82853,1384,2596977,143994,173844,298081,26.8,297748,28.8,223700,41.2,152581,54.4,113507,181954,2466,154
new hampshire,2640760,194215,239100,2137363,157192,1990501,180224,1191083,87.6,1113886,99.9,880861,64.8,828853,75,1514500,974960,151300,0,102007,808270,1227026,60,330894,473539,76357,71,330636,421849,76301,67,87.6,99.9,59.4,755597,68.4,1191083,370547,99.9,231871,91.3,96298,119588,15950,35,617611,243284,1040230,1175602,98.1,880167,73.4,330788,472977,76331,71,2121361,176991,220326,1190198,91.8,880647,67.9,330789,473456,76331,71,2136227,164821,203748,51726,5.9,51677,6.2,40602,8.5,26811,11.6,21075,29676,967,8
new jersey,17008125,191486,244946,13498900,151977,12453543,179353,7028706,79.1,6410133,92.3,6023574,67.8,5585548,80.4,9887745,6283480,836900,0,494306,5185848,7818099,647,2183454,3362832,477029,259,2182818,2925779,476709,242,79.1,92.3,63.2,5173272,74.5,7028706,1516311,99.9,1312840,89,611740,611944,89075,81,3278770,222209,1152680,6901663,90.6,6013859,78.9,2183413,3353243,476944,259,13363552,175412,223251,7028040,84,6023465,72,2183421,3362813,476972,259,13498215,161317,203264,1229336,20.4,1227867,22,929017,32.4,582540,44.4,541628,663635,24062,11
new mexico,3618895,172589,223252,3125326,149050,2889321,178244,1605513,76.6,1455179,89.8,1331844,63.5,1230851,75.9,2017655,1429240,172000,0,104132,1284291,1730342,6561,525439,703486,101079,1840,525044,603060,100931,1816,76.6,89.8,59.4,1143797,70.6,1605513,396350,99.9,339426,89.9,158584,159604,20309,929,867957,229858,958379,1574211,88.1,1330880,74.5,525416,702560,101064,1840,3094641,173133,202463,1605362,81.2,1331800,67.4,525423,703467,101070,1840,3125159,158168,183157,356620,26.8,356170,28.9,265479,40.1,168864,49.7,137108,216139,3325,48
nevada,4774470,155007,199976,3963229,128670,3703629,155125,2046546,66.4,1893044,79.3,1678794,54.5,1576445,66,2844910,1693760,235800,0,168239,1390792,2403689,509,573118,944209,161419,48,573016,842012,161371,46,66.4,79.3,49.7,1429483,59.9,2046546,468912,94.5,398258,80.3,184688,188495,25048,27,1028836,207438,962649,2025241,77.2,1677365,64,573114,942788,161415,48,3940095,150282,182106,2046510,70.7,1678784,58,573114,944206,161416,48,3963181,136917,164945,309364,18.4,309195,19.6,243515,30.1,166674,41.9,124693,180135,4536,0
new york state,35666865,183344,231224,29921538,153810,27861477,180622,15220070,78.2,14023642,90.9,13324752,68.5,12457099,80.8,21024965,12986300,1655600,0,1242739,11008193,17658861,11745,4693615,7467323,1160700,3114,4691505,6602880,1159824,2890,78.2,90.9,63,11381584,73.8,15220070,3249089,98.6,2863496,86.9,1353599,1329275,179324,1298,7015159,212829,1082080,14997904,89.4,13316135,79.4,4693380,7459122,1160541,3092,29693598,177030,212642,15218967,83,13324417,72.7,4693508,7467203,1160605,3101,29920020,163260,194618,1997033,15,1995276,16,1509880,24.4,974245,34,848742,1122369,25882,40
ohio,18234375,155995,200134,14419053,123355,13525386,148450,6824256,58.4,6296591,69.1,6200220,53,5843720,64.1,10325355,7045820,863200,0,556914,5559642,8284559,17938,2276835,3402704,515899,4782,2276299,3047069,515667,4685,58.4,69.1,49.4,5414591,59.4,6824256,1839334,89.9,1746314,85.3,789658,865612,88672,2372,4473934,218633,891081,6690913,66.9,6194744,61.9,2276824,3397250,515888,4782,14278840,142778,182331,6824146,62,6200196,56.4,2276829,3402692,515893,4782,14418938,131102,165793,1626563,26.2,1624910,27.8,1279430,37.9,886318,50.8,690924,909096,26259,284
oklahoma,6019250,152118,200326,4878303,123284,4562916,151858,2485988,62.8,2302157,76.6,2039094,51.5,1909819,63.6,3220750,2499500,299000,0,135670,1984278,2757341,1014,800318,1108267,130357,152,800053,979367,130265,134,62.8,76.6,48.5,1790792,59.6,2485988,639491,99.9,530109,83.5,268892,241287,19894,36,1387884,218519,947716,2455656,73.8,2037358,61.3,800300,1106564,130342,152,4846020,145735,181018,2485826,67.2,2039052,55.1,800301,1108254,130345,152,4878110,131790,162619,403298,19.8,402890,21.1,323206,31.2,226838,42.8,174907,223834,4540,17
oregon,7983905,189294,238242,6201116,147025,5758831,171845,3013928,71.5,2752972,82.1,2699697,64,2521090,75.2,4478945,3065460,439500,0,248073,2319124,3627607,6312,962074,1502449,233476,1698,959230,1327590,232666,1604,71.5,82.1,59.4,2327312,69.4,3013928,728911,95.1,677917,88.5,306262,319626,51267,762,1717758,224227,1042180,2944767,80.7,2692556,73.8,962070,1495320,233473,1693,6124134,167887,218871,3013913,75.5,2699690,67.7,962073,1502444,233475,1698,6201101,155419,200102,671460,24.9,670909,26.6,500263,38.9,353440,52.1,276939,384041,10265,215
pennsylvania,23777055,185729,233856,18310906,143032,17124219,168423,10455826,81.7,9712837,95.5,7478745,58.4,7043278,69.3,13118835,9296320,1361900,0,660933,7188711,10459918,1344,2783812,4031537,662816,580,2781779,3598634,662327,538,81.7,95.5,53.3,6391709,62.9,10455826,3036998,99.9,2032270,84.9,955678,991242,85087,263,5548319,231821,993458,10278662,92.8,7468849,67.4,2783661,4021861,662748,579,18121724,163531,214565,10454524,86.4,7478301,61.8,2783700,4031253,662768,580,18309221,151265,196439,1071194,14.3,1070173,15.2,836288,21,568628,28,483243,583722,4202,27
puerto rico,6007140,188094,229196,5402867,169173,4961781,189311,2710218,84.9,2454583,93.7,2365975,74.1,2182213,83.3,3530700,2268040,208400,0,140646,2120976,3140741,504,907578,1322480,135825,92,907164,1139335,135652,62,84.9,93.7,70.3,2062184,78.7,2710218,653966,96.2,575652,84.7,283382,269166,23090,14,1395310,205297,883850,2663529,93.5,2365081,83,907512,1321703,135774,92,5355521,188026,210903,2709508,88.1,2365781,76.9,907523,1322384,135782,92,5402001,175606,195277,409079,17.3,408591,18.7,295017,26,178728,31,147243,258420,3410,6
rhode island,2041815,192740,238846,1746372,164851,1619768,189476,881393,83.2,802801,93.9,768877,72.6,716475,83.8,1180435,775380,86000,0,58915,665997,1020281,1179,275134,437186,56273,284,275034,384911,56248,282,83.2,93.9,68.4,672111,78.6,881393,202825,99.9,181135,96.8,81803,92737,6492,103,474434,253646,1091610,860125,92.7,767589,82.8,275128,435906,56272,283,1724894,185974,220144,881340,87.7,768869,76.5,275130,437184,56272,283,1746313,173790,203198,195936,25.5,195715,27.3,152684,40.2,100680,55.6,86145,107705,2079,7
republic of palau,34190,158787,206175,33854,157226,31215,188235,18058,83.9,16705,99.9,15788,73.3,14495,87.4,7290,23100,3800,0,2334,26820,4700,0,11688,1761,2339,0,11688,468,2339,0,83.9,99.9,62.8,12229,73.7,18058,1792,90,1716,86.1,1469,20,227,0,4087,205171,1716370,18056,96.8,15788,84.7,11688,1761,2339,0,33854,181571,183374,18058,88.6,15788,77.5,11688,1761,2339,0,33854,166171,167820,2632,16.7,2632,18.2,1745,31.2,861,50.2,2624,8,0,0
south carolina,8315745,161511,205961,6194615,120314,5838863,144615,3102884,60.3,2893458,71.7,2646396,51.4,2496294,61.8,4488805,3415540,411400,0,204002,2414589,3574100,1924,978508,1476221,191339,328,976496,1328727,190745,326,60.3,71.7,48.2,2329730,57.7,3102884,908492,97,789391,84.2,336727,422545,29924,195,2023015,215898,887464,3065867,69.4,2641639,59.8,978417,1471599,191295,328,6154265,139238,188140,3101749,63.9,2645863,54.5,978433,1475805,191297,328,6192926,127525,171238,553123,20.9,552652,22.1,463510,31.3,338666,42.9,212465,330802,9508,348
south dakota,1489515,168372,223129,1149804,129971,1069387,160194,592615,67,543067,81.4,483369,54.6,453177,67.9,803015,605700,80800,0,36172,457448,656052,132,185976,262122,35247,24,185911,232022,35220,24,67,81.4,51.1,421573,63.2,592615,165341,99.9,137818,90.7,68591,64505,4707,15,354747,233584,980776,581316,78.8,482241,65.3,185974,260999,35244,24,1137223,154074,201804,592587,72,483361,58.7,185974,262119,35244,24,1149771,139621,180878,114472,23.7,114386,25.2,92452,35.9,64973,47.1,50948,62363,1160,1
tennessee,10250410,150097,192709,8175906,119720,7741081,145533,3881413,56.8,3629109,68.2,3383804,49.5,3210223,60.4,5839750,3947660,463000,0,234996,3131939,4768768,40203,1240230,1916870,217147,9557,1239710,1744166,216875,9472,56.8,68.2,46.8,3025551,56.9,3881413,1017599,89,933169,81.6,462587,430971,34476,5135,2479154,216824,896491,3837809,65.8,3383204,58,1240208,1916344,217100,9552,8131308,139340,175654,3880895,60.4,3383692,52.7,1240215,1916811,217110,9556,8175270,127329,159650,795662,23.5,794449,24.7,631467,34.7,435079,46.6,328484,455489,10041,1648
texas,49037875,169120,227069,37245206,128450,33978712,157337,18584093,64.1,16704996,77.4,15861342,54.7,14585838,67.5,28595655,18044820,2397400,0,1371063,14036726,21834482,2935,5751152,8873684,1236138,368,5747057,7603820,1234615,346,64.1,77.4,50.9,13486291,62.4,18584093,3448722,92.4,3100084,83,1479104,1451074,169772,134,7983196,213784,1313200,18248870,75.7,15836888,65.7,5750577,8850123,1235821,367,36869218,152977,203467,18579845,68.8,15860260,58.7,5750651,8873350,1235891,368,37239958,137900,181588,2852193,18,2846760,19.5,2086577,30.4,1293417,41.7,1266908,1545230,39948,107
utah,4982170,155403,219018,4016039,125268,3618852,159086,2048267,63.9,1819554,80,1772790,55.3,1609100,70.7,2975650,1784620,221900,0,160756,1448361,2406628,294,615714,1002326,154741,9,615315,839215,154561,9,63.9,80,51,1472243,64.7,2048267,360676,98.6,323862,88.5,138464,169290,16107,1,837441,228889,1361730,2009852,77.5,1772321,68.4,615678,1001930,154704,9,3977136,153424,192194,2047923,69.2,1772711,59.9,615693,1002295,154714,9,4015631,135748,168422,290778,16.4,290168,18,215244,31.8,152169,47,100577,186589,3611,1
virginia,15628535,183100,234147,13100880,153487,12019480,180076,6451445,75.6,5813813,87.1,5542940,64.9,5117841,76.7,9314095,5605940,708500,0,448329,4719663,7925633,7255,1904565,3217424,418133,2818,1898982,2799993,416242,2624,75.6,87.1,61,4785666,71.7,6451445,1375221,99.9,1209773,89,564891,573634,70372,876,3185049,234383,1150080,6271083,85.8,5523399,75.6,1904391,3198510,417694,2804,12896301,176493,213885,6450186,80.3,5542536,69,1904430,3217247,418043,2816,13099292,163129,194626,1308020,23.6,1306679,25.5,970134,37.6,625205,51.7,564657,722749,20414,200
veterans health,7271910,NA,NA,6511437,NA,6508312,NA,3220639,NA,3218873,NA,2889363,NA,2887979,NA,3150030,3523880,598000,0,233494,3301954,2975708,281,1418620,1245685,225047,11,1418560,1244402,225006,11,NA,NA,0,2677577,0,3220639,1604714,0,1479550,0,808828,596610,74111,1,3479067,0,0,3220528,0,2889289,0,1418598,1245640,225040,11,6511255,0,0,3220542,0,2889293,0,1418598,1245643,225041,11,6511273,0,0,616843,21.3,616836,21.4,587299,25.8,464384,31.4,288680,320544,7619,0
virgin islands,124560,117189,152821,119808,112718,113903,139746,60195,56.6,56847,69.7,52087,49,49545,60.8,88920,33540,2100,0,1841,35101,82866,0,14749,35582,1751,5,14721,33075,1744,5,56.6,69.7,47.4,47852,58.7,60195,16555,80.8,14686,71.7,5824,8362,496,4,34159,166808,608263,59850,66.9,52059,58.2,14741,35565,1748,5,119442,133567,139290,60137,60.4,52062,52.3,14742,35567,1748,5,119725,120177,125030,6549,12.6,6545,13.2,5521,18.2,3534,24.1,2143,4368,36,2
vermont,1301670,208605,255237,1120308,179540,1038328,203600,533218,85.5,481240,94.4,454783,72.9,424646,83.3,705170,528600,67900,0,48984,443859,626590,875,169229,240208,45084,262,169179,210216,45006,245,85.5,94.4,67.7,392333,76.9,533218,137621,99.9,123717,98.9,59701,61370,2493,153,348114,278404,1041010,515114,93.5,454679,82.5,169217,240133,45067,262,1101887,199998,236259,533169,89.6,454775,76.4,169228,240206,45079,262,1120273,188298,218788,158945,34.9,158768,37.4,121535,50.2,79288,64.1,67287,89155,2489,14
washington,13976625,183543,234829,11377078,149406,10529129,176906,5552276,72.9,5050684,84.9,4953066,65,4614573,77.5,8143685,5146140,686800,0,438852,4295598,6634057,8571,1793620,2734071,422660,2715,1792862,2396722,422335,2654,72.9,84.9,60.4,4258288,71.5,5552276,1186718,98.1,1098466,90.8,500731,539526,56773,1436,2857028,236172,1155360,5422888,83.4,4948358,76.1,1793563,2729454,422628,2713,11243078,172946,214994,5551703,77.6,4952958,69.2,1793599,2734009,422636,2714,11376385,158923,195247,1173381,23.7,1171906,25.4,878417,39.3,594762,54.1,502051,655443,15530,357
wisconsin,9291735,159585,203952,8194809,140745,7648293,167879,3832519,65.8,3506219,77,3464470,59.5,3249136,71.3,5358575,3519160,414000,0,303270,3163672,4726355,1512,1278724,1900791,284440,515,1278389,1686022,284234,491,65.8,77,55.5,3016282,66.2,3832519,1003365,98.6,943254,92.7,453937,459600,29494,223,2518038,247536,913423,3746580,74.9,3460803,69.2,1278705,1897165,284418,515,8105216,162111,185842,3832289,69.8,3464431,63.1,1278716,1900775,284425,515,8194553,149211,169189,1008230,29.1,1007399,31,774637,42.1,530248,56.2,402226,594627,11346,31
west virginia,3379485,188572,235902,1690860,94348,1611268,112473,966272,53.9,916535,64,744500,41.5,712490,49.7,1916745,1314640,148100,0,44372,766733,879281,474,323388,374515,46327,270,323084,342906,46254,246,53.9,64,39,667424,46.6,966272,332326,90.5,265656,72.4,135196,123074,7273,113,611865,166716,920813,960957,61.7,744134,47.8,323299,374253,46312,270,1685653,108205,216934,965837,56.8,744256,43.8,323304,374369,46313,270,1690138,99471,198896,57842,7.8,57792,8.1,46629,10.2,32692,12.3,18871,38470,488,13
wyoming,813665,140588,182836,632809,109339,598250,134431,310481,53.6,289733,65.1,263763,45.6,250023,56.2,410545,359720,43400,0,26607,280262,325371,569,110609,128713,24340,101,110590,115018,24316,99,53.6,65.1,41.8,228252,51.3,310481,89132,89.9,80314,81,40904,35649,3714,47,205499,207200,820400,306766,62.5,263742,53.7,110608,128696,24337,101,629113,128202,165810,310459,57.1,263758,48.5,110608,128711,24338,101,632784,116357,149618,69165,26.2,69062,27.6,56588,38.7,40615,50.6,30267,38033,836,29